"text","label"
"Please move my Math lecture (Group 3A2) from Room C101 to Room C205 on Monday at 09:00.","SOFT_ROOM_CHANGE"
"I want to switch my Physics laboratory for Group 1B3 from Room C202 to Room C303 on Thursday afternoon.","SOFT_ROOM_CHANGE"
"Change the assigned room for my Chemistry seminary from C310 to C410, no day/time provided.","SOFT_ROOM_CHANGE"
"Reschedule my English lecture for Group 3E1 from Room C111 to Room C112 on Tuesday at 14:00.","SOFT_ROOM_CHANGE"
"Could you relocate my Biology laboratory on Friday at 10:00 from C205 to C210, please?","SOFT_ROOM_CHANGE"
"Please switch my History seminary for Group 1B3 from room C312 to room C412 next Wednesday at 08:00.","SOFT_ROOM_CHANGE"
"Move my Math lecture from Room C101 to Room C201. It's on Monday at 11:00, Group 3A2.","SOFT_ROOM_CHANGE"
"Transfer my Physics seminary from C225 to C325 on Thursday 16:00 for Group 3E1.","SOFT_ROOM_CHANGE"
"Adjust my Chemistry lab from C305 to C405 on Friday at 09:00, Group 1B3 please.","SOFT_ROOM_CHANGE"
"Could you change my English lecture from Room C515 to C520 on Tuesday at 13:00?","SOFT_ROOM_CHANGE"
"Switch my Monday 10:00 Biology lecture from C111 to C222, Group 3A2.","SOFT_ROOM_CHANGE"
"Relocate my History seminary from C405 to C406 for Group 3E1 on Wednesday 14:00.","SOFT_ROOM_CHANGE"
"Please move my Physics lecture for Group 1B3 from C101 to C304 on Thursday at 15:00.","SOFT_ROOM_CHANGE"
"Change the assigned room for my Chemistry lab from C210 to C310 on Friday morning.","SOFT_ROOM_CHANGE"
"Switch my Monday 09:00 Math lecture for Group 3A2 from C101 to C201, no event detail provided.","SOFT_ROOM_CHANGE"
"Reassign my History lecture from C450 to C460 on Wednesday at 10:00 for Group 3E1.","SOFT_ROOM_CHANGE"
"Could you move my Biology lab from C118 to C128 on Tuesday 11:00?","SOFT_ROOM_CHANGE"
"Change the room for my English seminary (Group 1B3) from C510 to C610 on Thursday 14:00.","SOFT_ROOM_CHANGE"
"Switch my Physics lecture from room C205 to room C305 on Monday 16:00 for Group 3A2.","SOFT_ROOM_CHANGE"
"Reassign my Chemistry lab from C502 to C602, day/time not specified, Group 3E1.","SOFT_ROOM_CHANGE"
"Move my Tuesday 09:00 English lecture for Group 1B3 from C101 to C105.","SOFT_ROOM_CHANGE"
"Transfer my Biology seminary from C330 to C430 on Friday 10:00 for Group 3A2.","SOFT_ROOM_CHANGE"
"Could you change my Math laboratory from C222 to C333 on Wednesday 12:00?","SOFT_ROOM_CHANGE"
"Switch my Physics lecture from C101 to C202. It's on Monday at 08:00, Group 1B3.","SOFT_ROOM_CHANGE"
"Relocate my English seminary from C404 to C405, day/time not mentioned, Group 3E1.","SOFT_ROOM_CHANGE"
"Please move my Tuesday 14:00 Chemistry lecture from C209 to C309 for Group 3A2.","SOFT_ROOM_CHANGE"
"Change the assigned room for my History lab from C315 to C320 on Thursday 15:00, Group 3E1.","SOFT_ROOM_CHANGE"
"Switch my Math lecture from C001 to C002 on Monday at 09:00 for Group 1B3.","SOFT_ROOM_CHANGE"
"Relocate my Physics seminary from C111 to C211 on Friday 11:00, Group 3A2 please.","SOFT_ROOM_CHANGE"
"Could you transfer my Biology lab from C999 to C998 on Wednesday 13:00 for Group 3E1?","SOFT_ROOM_CHANGE"
"Switch my English lecture from C415 to C417 on Monday 10:00, Group 3A2.","SOFT_ROOM_CHANGE"
"Move my Tuesday 16:00 Chemistry laboratory from C123 to C124 for Group 1B3.","SOFT_ROOM_CHANGE"
"Please reassign my Math seminary from C210 to C310, no day/time, Group 3E1.","SOFT_ROOM_CHANGE"
"Change the assigned room from C888 to C889 for my Physics lecture on Monday at 14:00.","SOFT_ROOM_CHANGE"
"Switch my History seminary from C707 to C708 for Group 3A2 on Wednesday 09:00.","SOFT_ROOM_CHANGE"
"Could you relocate my Biology lab from C333 to C334? It's on Friday 08:00, Group 1B3.","SOFT_ROOM_CHANGE"
"Reassign my English lecture from C404 to C405, day/time missing, Group 3E1.","SOFT_ROOM_CHANGE"
"Please move my Monday 11:00 Math lecture from C101 to C301 for Group 3A2.","SOFT_ROOM_CHANGE"
"Change the assigned room for my Chemistry seminary from C212 to C313, Group 1B3, day/time unknown.","SOFT_ROOM_CHANGE"
"Switch my Physics lecture from C666 to C667 on Tuesday at 10:00, Group 3E1.","SOFT_ROOM_CHANGE"
"Relocate my English lab from C999 to C1000 on Monday 08:00 for Group 3A2.","SOFT_ROOM_CHANGE"
"Move my Wednesday 14:00 History lecture from C101 to C102, Group 1B3 please.","SOFT_ROOM_CHANGE"
"Could you change my Biology seminary from C010 to C011 on Friday 09:00 for Group 3E1?","SOFT_ROOM_CHANGE"
"Transfer my Physics lecture from C202 to C303, no day/time, Group 3A2.","SOFT_ROOM_CHANGE"
"Switch my Math lab from C330 to C331 on Tuesday 11:00 for Group 1B3.","SOFT_ROOM_CHANGE"
"Reassign my Chemistry lecture from C404 to C407 on Monday at 16:00, Group 3E1.","SOFT_ROOM_CHANGE"
"Please adjust my English seminary from C222 to C223 on Wednesday 10:00 for Group 3A2.","SOFT_ROOM_CHANGE"
"Change the assigned room from C515 to C520 for my Physics lecture, day/time unknown, Group 1B3.","SOFT_ROOM_CHANGE"
"Could you switch my Biology lab from C606 to C607 on Friday 14:00, Group 3E1?","SOFT_ROOM_CHANGE"

"I prefer to hold my English seminary in Room C310 for all my classes, no specific group mentioned.","SOFT_ROOM_PREFERENCE"
"Professor Smith wants to teach Chemistry in Room C102 for the lecture event.","SOFT_ROOM_PREFERENCE"
"I would rather have my Math lecture in Room C201 for Group 1B3, if possible.","SOFT_ROOM_PREFERENCE"
"Could I conduct my Physics laboratory in Room C405 on Wednesday afternoons?","SOFT_ROOM_PREFERENCE"
"Please schedule my History seminary in Room C555. No day or group provided.","SOFT_ROOM_PREFERENCE"
"I'd love to hold my Biology lecture in room C123, day/time doesn't matter.","SOFT_ROOM_PREFERENCE"
"Assign me to Room C777 for all English events, no group specifics.","SOFT_ROOM_PREFERENCE"
"I prefer having my Chemistry labs in Room C210, especially for Group 3A2.","SOFT_ROOM_PREFERENCE"
"Could you always put my Math seminary in Room C313, no time restriction?","SOFT_ROOM_PREFERENCE"
"My ideal location for Physics lectures is Room C414, day/time not set yet.","SOFT_ROOM_PREFERENCE"
"Keep my English classes in C101. I'm a professor with ID Prof6789, no group info.","SOFT_ROOM_PREFERENCE"
"I want to use Room C222 for all my Biology lectures, no matter the group.","SOFT_ROOM_PREFERENCE"
"For Group 3E1, I'd like the Math lecture in Room C305 if possible.","SOFT_ROOM_PREFERENCE"
"Let me teach Chemistry in Room C404, ignoring time, I'd appreciate it.","SOFT_ROOM_PREFERENCE"
"Professor ID ProfABC wants to hold all Physics events in Room C505.","SOFT_ROOM_PREFERENCE"
"I strongly prefer Room C606 for my History seminary, even if day/time changes.","SOFT_ROOM_PREFERENCE"
"I want to keep my Friday English lecture in Room C101, no group specified.","SOFT_ROOM_PREFERENCE"
"Could we assign Room C707 for all my Math labs? I'm open on Tuesday.","SOFT_ROOM_PREFERENCE"
"Room C808 is best for my Physics lecture, but I have no group name yet.","SOFT_ROOM_PREFERENCE"
"For the Biology seminary, I'd love to use Room C900 for Group 3A2.","SOFT_ROOM_PREFERENCE"
"I prefer Chemistry labs in Room C101, day/time are flexible.","SOFT_ROOM_PREFERENCE"
"Keep my English seminary in C202 if possible, no day/time mention.","SOFT_ROOM_PREFERENCE"
"I need to be placed in Room C303 for the Math lecture of Group 1B3, if feasible.","SOFT_ROOM_PREFERENCE"
"Could you set my Physics lab in Room C505 for Group 3E1?","SOFT_ROOM_PREFERENCE"
"Please schedule my Chemistry events in Room C009, no group or day specified.","SOFT_ROOM_PREFERENCE"
"I want to use Room C111 for all my English lectures, ignoring group/time details.","SOFT_ROOM_PREFERENCE"
"Assign my Monday Math lecture to Room C202 for Group 3A2, if possible.","SOFT_ROOM_PREFERENCE"
"I'd like my Physics seminary in Room C555, no group or day details given.","SOFT_ROOM_PREFERENCE"
"Let me keep my Chemistry labs in C002, that's my personal preference.","SOFT_ROOM_PREFERENCE"
"For Group 1B3, I'd enjoy having the English lecture in Room C303.","SOFT_ROOM_PREFERENCE"
"Could my Biology seminary be held in Room C444 each week? No time mention.","SOFT_ROOM_PREFERENCE"
"Have me in Room C321 for any History event. I'll figure out the day/time later.","SOFT_ROOM_PREFERENCE"
"I prefer Room C111 for all lectures, no matter the subject or group.","SOFT_ROOM_PREFERENCE"
"For the Physics lab, I'd love to teach in Room C202, especially on Thursdays.","SOFT_ROOM_PREFERENCE"
"I'm comfortable in Room C313 for my Math seminary, no group or day specified.","SOFT_ROOM_PREFERENCE"
"Please keep my Chemistry lecture in Room C414. If a group is needed, let's say 1B3.","SOFT_ROOM_PREFERENCE"
"Could we always place my History lecture in Room C612 for Group 3E1?","SOFT_ROOM_PREFERENCE"
"Let me do my English labs in Room C707. I'm a professor with ID ProfXYZ.","SOFT_ROOM_PREFERENCE"
"I want to use Room C808 for my Monday Physics lecture if there's space.","SOFT_ROOM_PREFERENCE"
"For Biology, I'd like to stay in Room C919. No day/time or group detail given.","SOFT_ROOM_PREFERENCE"
"Keep all my Math events in Room C001, ignoring group/time constraints.","SOFT_ROOM_PREFERENCE"

"Please move my Math lecture for Group 3A2 from Monday at 09:00 to Monday at 11:00.","SOFT_TIME_CHANGE"
"Could you reschedule my Physics laboratory from Tuesday at 14:00 to Thursday at 16:00?","SOFT_TIME_CHANGE"
"I want to shift my Biology seminary from Wednesday 10:00 to 12:00.","SOFT_TIME_CHANGE"
"Change my Chemistry lab for Group 1B3 from Friday at 08:00 to Friday at 10:00.","SOFT_TIME_CHANGE"
"Can we move my History lecture from Thursday at 16:00 to Tuesday at 14:00?","SOFT_TIME_CHANGE"
"Reschedule the English seminary for Group 3E1 from Monday at 15:00 to Monday at 17:00.","SOFT_TIME_CHANGE"
"Could my Math lecture on Wednesday at 13:00 be shifted to Thursday at 15:00?","SOFT_TIME_CHANGE"
"Move my Physics lab for Group 3A2 from Tuesday 09:00 to Wednesday 11:00, please.","SOFT_TIME_CHANGE"
"Switch the assigned time for my Biology lecture on Friday from 08:00 to 10:00.","SOFT_TIME_CHANGE"
"Adjust my English seminary from Monday 14:00 to Monday 16:00 for Group 1B3.","SOFT_TIME_CHANGE"
"Reschedule my History lecture on Wednesday from 10:00 to 12:00.","SOFT_TIME_CHANGE"
"Move the Math lab for Group 3E1 from Tuesday at 11:00 to Thursday at 13:00.","SOFT_TIME_CHANGE"
"I want my Chemistry seminary to be shifted from Friday 15:00 to Friday 17:00.","SOFT_TIME_CHANGE"
"Change my Physics lecture on Monday from 10:00 to 12:00, Group 3A2.","SOFT_TIME_CHANGE"
"Reschedule the Biology seminary from Thursday 14:00 to Thursday 16:00 for Group 1B3.","SOFT_TIME_CHANGE"
"Could my English lecture be moved from Tuesday 09:00 to Wednesday 11:00?","SOFT_TIME_CHANGE"
"Change my Math lecture from Monday at 08:00 to Tuesday at 10:00 for Group 3E1.","SOFT_TIME_CHANGE"
"Move my Physics seminary from Thursday 16:00 to Friday 10:00, Group 1B3.","SOFT_TIME_CHANGE"
"Please shift my Chemistry lab from Wednesday 14:00 to Wednesday 16:00.","SOFT_TIME_CHANGE"
"Reschedule the History lecture for Group 3A2 from Monday at 10:00 to Monday at 12:00.","SOFT_TIME_CHANGE"
"Switch my English seminary from Thursday 08:00 to Friday 09:00 for Group 3E1.","SOFT_TIME_CHANGE"
"Adjust my Biology lab from Tuesday at 13:00 to Tuesday at 15:00, Group 1B3.","SOFT_TIME_CHANGE"
"I'd like my Physics lecture moved from Friday 11:00 to Friday 13:00 for Group 3A2.","SOFT_TIME_CHANGE"
"Could you change my Chemistry seminary from Wednesday 09:00 to Thursday 11:00?","SOFT_TIME_CHANGE"
"Reschedule my Math lecture for Group 1B3 from Monday at 14:00 to Monday at 16:00.","SOFT_TIME_CHANGE"
"Shift my English lecture from Tuesday 10:00 to Wednesday 12:00, Group 3E1.","SOFT_TIME_CHANGE"
"Please move my Biology lab from Thursday at 09:00 to Thursday at 11:00.","SOFT_TIME_CHANGE"
"Change the assigned time for my Physics lecture on Friday from 08:00 to 10:00.","SOFT_TIME_CHANGE"
"Could my History seminary be shifted from Monday 15:00 to Tuesday 17:00 for Group 1B3?","SOFT_TIME_CHANGE"
"Reschedule my Chemistry lecture from Wednesday at 13:00 to Wednesday at 15:00.","SOFT_TIME_CHANGE"
"Move the Math lab for Group 3A2 from Thursday 10:00 to Friday 12:00.","SOFT_TIME_CHANGE"
"Switch my Biology seminary from Tuesday 08:00 to Wednesday 10:00 for Group 1B3.","SOFT_TIME_CHANGE"
"Could you reschedule the Physics lecture from Monday 14:00 to Tuesday 16:00?","SOFT_TIME_CHANGE"
"Change my English lecture for Group 3E1 from Thursday at 09:00 to Thursday at 11:00.","SOFT_TIME_CHANGE"
"Please adjust my History seminary from Friday 10:00 to Friday 12:00.","SOFT_TIME_CHANGE"
"Move the Chemistry lab from Wednesday 08:00 to Wednesday 10:00, Group 1B3.","SOFT_TIME_CHANGE"
"Reschedule the Physics lecture from Monday at 12:00 to Monday at 14:00 for Group 3A2.","SOFT_TIME_CHANGE"
"I need my English lecture to be moved from Tuesday 14:00 to Wednesday 16:00.","SOFT_TIME_CHANGE"
"Switch my Biology seminary from Thursday at 15:00 to Friday at 10:00 for Group 3E1.","SOFT_TIME_CHANGE"
"Reschedule the Math lecture on Monday from 09:00 to Tuesday at 11:00, Group 1B3.","SOFT_TIME_CHANGE"
"Could my Physics seminary be shifted from Wednesday 10:00 to Thursday 12:00?","SOFT_TIME_CHANGE"
"Adjust my Chemistry lecture for Group 3A2 from Friday at 08:00 to Friday at 10:00.","SOFT_TIME_CHANGE"
"Change the assigned time for my History lecture from Tuesday 09:00 to Wednesday 11:00.","SOFT_TIME_CHANGE"
"Move my Biology lab for Group 1B3 from Thursday 16:00 to Friday 09:00.","SOFT_TIME_CHANGE"
"Reschedule my Physics lecture from Monday 14:00 to Tuesday 16:00, Group 3E1.","SOFT_TIME_CHANGE"
"Could you change my English seminary from Wednesday 08:00 to Wednesday 10:00?","SOFT_TIME_CHANGE"
"Switch my Math lab for Group 3A2 from Thursday 10:00 to Friday 12:00.","SOFT_TIME_CHANGE"
"Adjust my Biology lecture from Friday at 09:00 to Friday at 11:00, Group 1B3.","SOFT_TIME_CHANGE"
"Change my Chemistry seminary on Tuesday from 11:00 to Tuesday at 13:00 for Group 3E1.","SOFT_TIME_CHANGE"
"Reschedule my Physics lab from Wednesday 09:00 to Thursday 10:00 for Group 3A2.","SOFT_TIME_CHANGE"


"Add a break from 10:00 to 11:00 on Monday.","SOFT_ADD_WINDOW"
"Could you schedule a pause from 14:00 to 15:00 on Wednesday?","SOFT_ADD_WINDOW"
"Please insert a break on Tuesday between 12:00 and 13:00 for my lecture schedule.","SOFT_ADD_WINDOW"
"I need a break after my History class on Friday from 09:00 to 10:00.","SOFT_ADD_WINDOW"
"Let's add a short break on Thursday, maybe from 11:00 to 12:00.","SOFT_ADD_WINDOW"
"Include a rest period from 15:00 to 16:00 on Monday, please.","SOFT_ADD_WINDOW"
"Can you add a break on Wednesday, anytime between 13:00 and 14:00?","SOFT_ADD_WINDOW"
"I'd like to have a pause from 10:00 to 11:00 on Friday morning.","SOFT_ADD_WINDOW"
"Schedule a break from 14:00 to 15:00 on Tuesday.","SOFT_ADD_WINDOW"
"Please insert a short rest time on Thursday afternoon from 16:00 to 17:00.","SOFT_ADD_WINDOW"
"Could I have a break on Monday from 08:00 to 09:00?","SOFT_ADD_WINDOW"
"I need a gap from 11:00 to 12:00 on Wednesday for a quick meeting.","SOFT_ADD_WINDOW"
"Let's add a break during my Tuesday schedule, anytime after 14:00.","SOFT_ADD_WINDOW"
"Add a pause on Thursday morning from 09:00 to 10:00, if possible.","SOFT_ADD_WINDOW"
"Include a break from 10:00 to 11:00 on Friday.","SOFT_ADD_WINDOW"
"I'd like a break inserted on Monday between 13:00 and 14:00.","SOFT_ADD_WINDOW"
"Can you schedule a break on Wednesday from 12:00 to 13:00?","SOFT_ADD_WINDOW"
"Please add a rest period on Tuesday, maybe from 15:00 to 16:00.","SOFT_ADD_WINDOW"
"Insert a break during my Friday lectures, preferably from 10:00 to 11:00.","SOFT_ADD_WINDOW"
"Include a short pause on Thursday from 14:00 to 15:00.","SOFT_ADD_WINDOW"
"Could you schedule a break on Monday morning from 09:00 to 10:00?","SOFT_ADD_WINDOW"
"I'd like to have a break on Tuesday between 11:00 and 12:00.","SOFT_ADD_WINDOW"
"Schedule a gap from 13:00 to 14:00 on Wednesday, please.","SOFT_ADD_WINDOW"
"Add a pause on Friday from 08:00 to 09:00.","SOFT_ADD_WINDOW"
"Insert a break during my Thursday schedule, anytime between 14:00 and 15:00.","SOFT_ADD_WINDOW"
"Include a rest window from 09:00 to 10:00 on Tuesday morning.","SOFT_ADD_WINDOW"
"I want a break inserted on Monday afternoon from 15:00 to 16:00.","SOFT_ADD_WINDOW"
"Let's add a break on Wednesday between 10:00 and 11:00.","SOFT_ADD_WINDOW"
"Could you schedule a rest period on Tuesday from 12:00 to 13:00?","SOFT_ADD_WINDOW"
"I need a pause on Friday, maybe from 11:00 to 12:00.","SOFT_ADD_WINDOW"
"Add a short gap from 10:00 to 11:00 on Thursday, please.","SOFT_ADD_WINDOW"
"Please include a break on Monday from 14:00 to 15:00.","SOFT_ADD_WINDOW"
"I'd like a rest period on Tuesday between 09:00 and 10:00.","SOFT_ADD_WINDOW"
"Schedule a pause from 11:00 to 12:00 on Wednesday.","SOFT_ADD_WINDOW"
"Insert a break during my Friday classes, preferably from 15:00 to 16:00.","SOFT_ADD_WINDOW"
"Add a gap on Thursday morning from 08:00 to 09:00, if possible.","SOFT_ADD_WINDOW"
"Include a break during my Tuesday schedule, maybe from 10:00 to 11:00.","SOFT_ADD_WINDOW"
"Could I have a rest period on Monday from 13:00 to 14:00?","SOFT_ADD_WINDOW"
"Let's add a pause on Wednesday between 14:00 and 15:00.","SOFT_ADD_WINDOW"
"I need a break on Tuesday from 12:00 to 13:00, please.","SOFT_ADD_WINDOW"
"Schedule a short gap on Friday morning from 09:00 to 10:00.","SOFT_ADD_WINDOW"
"Insert a rest window during my Thursday classes from 14:00 to 15:00.","SOFT_ADD_WINDOW"
"Add a pause from 10:00 to 11:00 on Monday, if possible.","SOFT_ADD_WINDOW"
"Include a break during my Wednesday lectures from 11:00 to 12:00.","SOFT_ADD_WINDOW"
"Let's schedule a gap on Tuesday from 15:00 to 16:00.","SOFT_ADD_WINDOW"
"Could you add a break on Friday between 13:00 and 14:00?","SOFT_ADD_WINDOW"
"Please insert a rest period on Thursday from 08:00 to 09:00.","SOFT_ADD_WINDOW"
"Add a short break during my Monday classes from 10:00 to 11:00.","SOFT_ADD_WINDOW"
"I need a gap on Wednesday from 12:00 to 13:00, please.","SOFT_ADD_WINDOW"
"Schedule a pause on Friday between 14:00 and 15:00.","SOFT_ADD_WINDOW"

"Please remove the break on Monday from 10:00 to 11:00.","SOFT_REMOVE_WINDOW"
"Cancel my 14:00 to 15:00 break on Wednesday.","SOFT_REMOVE_WINDOW"
"I don't need the break on Tuesday from 12:00 to 13:00 anymore.","SOFT_REMOVE_WINDOW"
"Remove the window on Friday between 09:00 and 10:00, please.","SOFT_REMOVE_WINDOW"
"Eliminate the pause on Thursday from 11:00 to 12:00.","SOFT_REMOVE_WINDOW"
"Can you remove the break from 15:00 to 16:00 on Monday?","SOFT_REMOVE_WINDOW"
"I no longer require a gap on Wednesday from 13:00 to 14:00.","SOFT_REMOVE_WINDOW"
"Please delete the rest window from 10:00 to 11:00 on Friday morning.","SOFT_REMOVE_WINDOW"
"Remove the scheduled break on Tuesday from 14:00 to 15:00.","SOFT_REMOVE_WINDOW"
"I don't need a pause on Thursday afternoon from 16:00 to 17:00.","SOFT_REMOVE_WINDOW"
"Cancel the break on Monday morning from 08:00 to 09:00.","SOFT_REMOVE_WINDOW"
"Let's remove the gap on Wednesday between 11:00 and 12:00.","SOFT_REMOVE_WINDOW"
"I'd like to remove the pause from 12:00 to 13:00 on Tuesday.","SOFT_REMOVE_WINDOW"
"Remove the rest period on Thursday from 09:00 to 10:00.","SOFT_REMOVE_WINDOW"
"Delete the break on Friday from 10:00 to 11:00.","SOFT_REMOVE_WINDOW"
"I don't need a break on Monday between 13:00 and 14:00.","SOFT_REMOVE_WINDOW"
"Eliminate the window on Tuesday from 11:00 to 12:00.","SOFT_REMOVE_WINDOW"
"Please cancel the gap on Wednesday from 15:00 to 16:00.","SOFT_REMOVE_WINDOW"
"Remove my Friday morning pause from 08:00 to 09:00.","SOFT_REMOVE_WINDOW"
"Delete the rest period on Thursday between 14:00 and 15:00.","SOFT_REMOVE_WINDOW"
"I don't need the scheduled break on Monday morning from 09:00 to 10:00.","SOFT_REMOVE_WINDOW"
"Let's cancel the window on Tuesday from 10:00 to 11:00.","SOFT_REMOVE_WINDOW"
"Remove the break during my Wednesday schedule from 13:00 to 14:00.","SOFT_REMOVE_WINDOW"
"Eliminate the rest window on Friday from 15:00 to 16:00.","SOFT_REMOVE_WINDOW"
"Cancel the scheduled pause on Thursday morning from 08:00 to 09:00.","SOFT_REMOVE_WINDOW"
"Remove the gap during my Tuesday classes, preferably from 14:00 to 15:00.","SOFT_REMOVE_WINDOW"
"I don't need a pause on Monday from 11:00 to 12:00.","SOFT_REMOVE_WINDOW"
"Delete the break from 10:00 to 11:00 on Wednesday.","SOFT_REMOVE_WINDOW"
"Remove the rest period from 12:00 to 13:00 on Tuesday.","SOFT_REMOVE_WINDOW"
"Cancel my scheduled pause on Friday between 14:00 and 15:00.","SOFT_REMOVE_WINDOW"
"I no longer need the break on Thursday morning from 09:00 to 10:00.","SOFT_REMOVE_WINDOW"
"Let's remove the window on Monday between 15:00 and 16:00.","SOFT_REMOVE_WINDOW"
"Please cancel the gap during my Wednesday schedule, maybe from 10:00 to 11:00.","SOFT_REMOVE_WINDOW"
"I want to delete the pause on Friday from 13:00 to 14:00.","SOFT_REMOVE_WINDOW"
"Remove the scheduled rest on Tuesday morning from 08:00 to 09:00.","SOFT_REMOVE_WINDOW"
"Eliminate the break from 14:00 to 15:00 on Thursday, please.","SOFT_REMOVE_WINDOW"
"I'd like to remove the rest period on Monday from 10:00 to 11:00.","SOFT_REMOVE_WINDOW"
"Cancel the pause from 12:00 to 13:00 on Wednesday.","SOFT_REMOVE_WINDOW"
"Delete the gap from 09:00 to 10:00 on Friday morning.","SOFT_REMOVE_WINDOW"
"Remove the break on Thursday between 15:00 and 16:00.","SOFT_REMOVE_WINDOW"
"Please cancel the scheduled window on Tuesday from 11:00 to 12:00.","SOFT_REMOVE_WINDOW"
"Eliminate the rest period from 10:00 to 11:00 on Monday.","SOFT_REMOVE_WINDOW"
"I don't need the gap during my Wednesday classes, preferably from 12:00 to 13:00.","SOFT_REMOVE_WINDOW"
"Let's delete the break from 14:00 to 15:00 on Friday.","SOFT_REMOVE_WINDOW"
"Cancel the rest window on Thursday from 08:00 to 09:00, if possible.","SOFT_REMOVE_WINDOW"
"I no longer need the pause on Tuesday from 09:00 to 10:00.","SOFT_REMOVE_WINDOW"
"Please remove the scheduled break on Monday from 13:00 to 14:00.","SOFT_REMOVE_WINDOW"
"Delete the gap from 15:00 to 16:00 on Wednesday afternoon.","SOFT_REMOVE_WINDOW"
"Remove the rest period from 10:00 to 11:00 on Thursday, please.","SOFT_REMOVE_WINDOW"
"Cancel the scheduled pause during my Friday classes from 12:00 to 13:00.","SOFT_REMOVE_WINDOW"
"I no longer need a window on Thursday at 10:00.",SOFT_REMOVE_WINDOW

"I cannot have any classes on Monday.","SOFT_DAY_OFF"
"Please ensure I don't have any classes scheduled on Wednesday.","SOFT_DAY_OFF"
"Mark Friday as my day off, no lectures or labs, please.","SOFT_DAY_OFF"
"I want no sessions on Sunday, any time of the day.","SOFT_DAY_OFF"
"Make sure I have no classes on Tuesday, the entire day.","SOFT_DAY_OFF"
"Please block my Thursday schedule entirely for personal reasons.","SOFT_DAY_OFF"
"I can't work on Saturday at all.","SOFT_DAY_OFF"
"No lectures or labs for me on Monday, please mark it as unavailable.","SOFT_DAY_OFF"
"Ensure I'm off on Wednesday, no courses at all.","SOFT_DAY_OFF"
"Can you mark Sunday as a complete day off for me?","SOFT_DAY_OFF"
"I need Fridays free, no academic commitments, please.","SOFT_DAY_OFF"
"Keep Tuesday open for me, I cannot teach on that day.","SOFT_DAY_OFF"
"I need Monday to be a day off, please block it fully.","SOFT_DAY_OFF"
"Don't assign me any sessions on Thursday.","SOFT_DAY_OFF"
"Ensure my Saturday remains a free day, no classes at all.","SOFT_DAY_OFF"
"Mark Wednesday as unavailable for me, no teaching or meetings.","SOFT_DAY_OFF"
"I cannot attend or teach on Tuesday at all.","SOFT_DAY_OFF"
"Please block my Sunday schedule entirely, no sessions needed.","SOFT_DAY_OFF"
"I want my Friday completely free, no teaching responsibilities.","SOFT_DAY_OFF"
"Mark Monday as unavailable for any courses or sessions.","SOFT_DAY_OFF"
"I need Thursdays to remain free of any commitments.","SOFT_DAY_OFF"
"Can you ensure I don't have classes on Saturday?","SOFT_DAY_OFF"
"I can't handle sessions on Wednesday, please keep it free.","SOFT_DAY_OFF"
"Keep Friday open for me, no assignments at all.","SOFT_DAY_OFF"
"I need Sunday marked as my day off, no obligations.","SOFT_DAY_OFF"
"Please make sure I don't have any teaching duties on Tuesday.","SOFT_DAY_OFF"
"I want my Monday schedule to remain empty, no courses assigned.","SOFT_DAY_OFF"
"Block Wednesday for me as a non-working day, please.","SOFT_DAY_OFF"
"Ensure Saturday stays free of any academic work for me.","SOFT_DAY_OFF"
"Don't schedule any lectures or labs for me on Thursday.","SOFT_DAY_OFF"
"I need Tuesday to be fully open, no commitments that day.","SOFT_DAY_OFF"
"Mark Sunday as unavailable for me, no teaching responsibilities.","SOFT_DAY_OFF"
"Please ensure my Friday is entirely free of classes.","SOFT_DAY_OFF"
"I cannot teach or attend sessions on Monday, mark it as off.","SOFT_DAY_OFF"
"Block Thursday for me, no teaching or meetings allowed.","SOFT_DAY_OFF"
"Ensure my Saturday schedule is clear of any classes.","SOFT_DAY_OFF"
"Keep Wednesday free for me, no academic duties assigned.","SOFT_DAY_OFF"
"I need Friday off entirely, no obligations or teaching sessions.","SOFT_DAY_OFF"
"Mark Tuesday as unavailable for me, no classes allowed.","SOFT_DAY_OFF"
"I want Sunday to remain free, no lectures or assignments.","SOFT_DAY_OFF"
"Don't give me any sessions on Monday, I need it off completely.","SOFT_DAY_OFF"
"Please ensure Thursday is entirely open, no academic work assigned.","SOFT_DAY_OFF"
"Make sure I don't have classes or commitments on Saturday.","SOFT_DAY_OFF"
"I need Wednesday to be blocked as a personal day, no courses.","SOFT_DAY_OFF"
"Mark Monday as unavailable for any obligations.","SOFT_DAY_OFF"
"Keep Friday completely free for me, no sessions assigned.","SOFT_DAY_OFF"
"Don't schedule anything for me on Sunday, I need it fully open.","SOFT_DAY_OFF"
"I cannot teach on Thursday, please ensure it's marked as unavailable.","SOFT_DAY_OFF"
"Keep Saturday as a non-teaching day for me, no obligations.","SOFT_DAY_OFF"

"Please schedule my Math lectures only on even weeks.","SOFT_WEEK_EVENNESS"
"I want my Physics seminary to take place only during odd weeks.","SOFT_WEEK_EVENNESS"
"Ensure the Chemistry course runs on weeks 2, 4, 6, and so on.","SOFT_WEEK_EVENNESS"
"Let my Biology laboratory sessions occur biweekly on odd weeks.","SOFT_WEEK_EVENNESS"
"Schedule the English lectures only during even-numbered weeks.","SOFT_WEEK_EVENNESS"
"The History seminar should happen every other week, starting with week 1.","SOFT_WEEK_EVENNESS"
"I prefer to teach my Programming course only on even weeks.","SOFT_WEEK_EVENNESS"
"Make sure my Art class is scheduled on odd weeks only.","SOFT_WEEK_EVENNESS"
"Can we keep my Software Engineering lectures biweekly, starting on even weeks?","SOFT_WEEK_EVENNESS"
"My Calculus seminar should run every second week, beginning with week 2.","SOFT_WEEK_EVENNESS"
"Schedule my Logic course on even-numbered weeks, please.","SOFT_WEEK_EVENNESS"
"I need the Philosophy lectures to happen every other week on odd weeks.","SOFT_WEEK_EVENNESS"
"Let's keep my Monday Economics classes on odd weeks only.","SOFT_WEEK_EVENNESS"
"Arrange the Statistics labs for biweekly schedules on even weeks.","SOFT_WEEK_EVENNESS"
"I want my Mechanical Engineering course on alternate weeks, starting week 1.","SOFT_WEEK_EVENNESS"
"Mark my Tuesday seminars for every other week, beginning with week 2.","SOFT_WEEK_EVENNESS"
"Please ensure the Environmental Science course happens on odd-numbered weeks.","SOFT_WEEK_EVENNESS"
"Let's schedule my Marketing class only during even weeks.","SOFT_WEEK_EVENNESS"
"Make my Friday Sociology seminar biweekly, starting with odd weeks.","SOFT_WEEK_EVENNESS"
"Set my Physics lab for every other week, beginning with week 2.","SOFT_WEEK_EVENNESS"
"I'd like my Astronomy lecture scheduled on even weeks only.","SOFT_WEEK_EVENNESS"
"Ensure my Computer Science course is held biweekly, starting with week 1.","SOFT_WEEK_EVENNESS"
"The Geography seminar must occur only during odd weeks.","SOFT_WEEK_EVENNESS"
"Schedule my Chemistry lectures on alternate weeks, starting with week 2.","SOFT_WEEK_EVENNESS"
"Make my Civil Engineering lab run every other week, odd-numbered weeks preferred.","SOFT_WEEK_EVENNESS"
"Keep my Linguistics seminar every second week, beginning with even weeks.","SOFT_WEEK_EVENNESS"
"I prefer my Tuesday Accounting lecture scheduled on odd weeks only.","SOFT_WEEK_EVENNESS"
"Mark the Business Ethics course for biweekly schedules, starting with week 2.","SOFT_WEEK_EVENNESS"
"My Software Design class should run on alternate weeks, beginning with week 1.","SOFT_WEEK_EVENNESS"
"Ensure the Design Thinking sessions are set for even-numbered weeks.","SOFT_WEEK_EVENNESS"
"Let's arrange the AI lectures for every other week, odd weeks only.","SOFT_WEEK_EVENNESS"
"Keep my Engineering Math labs on even-numbered weeks only, please.","SOFT_WEEK_EVENNESS"
"I need my Environmental Law lectures biweekly, starting with week 1.","SOFT_WEEK_EVENNESS"
"Schedule my Computational Physics seminar for every second week, even weeks.","SOFT_WEEK_EVENNESS"
"The Literary Analysis class must happen biweekly, beginning with odd weeks.","SOFT_WEEK_EVENNESS"
"Mark the Quantum Mechanics lectures on alternate weeks, starting with week 2.","SOFT_WEEK_EVENNESS"
"Ensure my Database Systems lab is held every other week on even weeks.","SOFT_WEEK_EVENNESS"
"My Architecture seminar should run on odd-numbered weeks only.","SOFT_WEEK_EVENNESS"
"Schedule the Monday Data Science lecture for alternate weeks, starting with week 1.","SOFT_WEEK_EVENNESS"
"I'd like my Industrial Design sessions scheduled on even weeks only.","SOFT_WEEK_EVENNESS"
"The Organizational Behavior class must happen biweekly, starting with week 2.","SOFT_WEEK_EVENNESS"
"Keep my Game Theory lecture running on odd-numbered weeks.","SOFT_WEEK_EVENNESS"
"I want the Artificial Intelligence lab every second week, even weeks preferred.","SOFT_WEEK_EVENNESS"
"Make sure my Friday Logic seminar is scheduled for biweekly sessions, starting with week 1.","SOFT_WEEK_EVENNESS"
"Arrange the Monday Physics lecture every other week, even weeks only.","SOFT_WEEK_EVENNESS"
"My Chemistry class should be scheduled biweekly on odd weeks.","SOFT_WEEK_EVENNESS"
"Ensure the French Literature seminar occurs on alternate weeks, beginning with week 2.","SOFT_WEEK_EVENNESS"
"The Cybersecurity lab must take place only during even weeks.","SOFT_WEEK_EVENNESS"
"I'd prefer my Tuesday seminars scheduled for every second week, odd-numbered weeks.","SOFT_WEEK_EVENNESS"

"I want all my lectures on Monday to be consecutive, no breaks in between.","SOFT_CONSECUTIVE_HOURS"
"Please arrange my Physics classes back-to-back on Tuesday.","SOFT_CONSECUTIVE_HOURS"
"Let my Chemistry labs on Wednesday be consecutive from 8:00 to 12:00.","SOFT_CONSECUTIVE_HOURS"
"Ensure my English seminars on Thursday are scheduled consecutively.","SOFT_CONSECUTIVE_HOURS"
"I need all my Friday sessions to be back-to-back with no gaps.","SOFT_CONSECUTIVE_HOURS"
"Make my Art classes on Monday morning consecutive, starting at 9:00.","SOFT_CONSECUTIVE_HOURS"
"Arrange my Tuesday schedule so my Math lectures are continuous.","SOFT_CONSECUTIVE_HOURS"
"Set my Biology labs on Wednesday to run back-to-back from 10:00 to 14:00.","SOFT_CONSECUTIVE_HOURS"
"I prefer my Sociology seminars on Thursday to be consecutive.","SOFT_CONSECUTIVE_HOURS"
"Ensure that my Computer Science classes on Friday run continuously.","SOFT_CONSECUTIVE_HOURS"
"I want my Programming labs on Monday scheduled without gaps.","SOFT_CONSECUTIVE_HOURS"
"Let my History seminars on Tuesday be scheduled back-to-back.","SOFT_CONSECUTIVE_HOURS"
"Keep all my Economics lectures on Wednesday in one continuous block.","SOFT_CONSECUTIVE_HOURS"
"My Philosophy sessions on Thursday should run consecutively.","SOFT_CONSECUTIVE_HOURS"
"Make my Physics labs on Friday morning back-to-back from 9:00 to 12:00.","SOFT_CONSECUTIVE_HOURS"
"Please ensure my sessions on Monday are scheduled in a single block.","SOFT_CONSECUTIVE_HOURS"
"Schedule my Tuesday Chemistry lectures consecutively with no breaks.","SOFT_CONSECUTIVE_HOURS"
"Let my Math labs on Wednesday run continuously from 8:00 to 10:00.","SOFT_CONSECUTIVE_HOURS"
"Make sure my Literature classes on Thursday are back-to-back.","SOFT_CONSECUTIVE_HOURS"
"Ensure my Friday schedule for Sociology is arranged without idle gaps.","SOFT_CONSECUTIVE_HOURS"
"I need my Monday seminars to be scheduled consecutively.","SOFT_CONSECUTIVE_HOURS"
"Arrange my Tuesday sessions so there are no breaks between classes.","SOFT_CONSECUTIVE_HOURS"
"Let my Wednesday Physics lectures run back-to-back from 10:00 to 13:00.","SOFT_CONSECUTIVE_HOURS"
"Make my Thursday labs consecutive, starting at 9:00.","SOFT_CONSECUTIVE_HOURS"
"Ensure my Friday English classes are scheduled continuously.","SOFT_CONSECUTIVE_HOURS"
"I want my Math sessions on Monday morning to run consecutively.","SOFT_CONSECUTIVE_HOURS"
"Please arrange my Chemistry labs on Tuesday to follow each other.","SOFT_CONSECUTIVE_HOURS"
"Keep my Wednesday Biology classes back-to-back.","SOFT_CONSECUTIVE_HOURS"
"Let my Sociology sessions on Thursday morning be scheduled continuously.","SOFT_CONSECUTIVE_HOURS"
"Make my Friday Programming labs consecutive, starting at 8:00.","SOFT_CONSECUTIVE_HOURS"
"Set my Monday schedule to ensure there are no gaps between lectures.","SOFT_CONSECUTIVE_HOURS"
"Let my Tuesday morning classes be back-to-back with no interruptions.","SOFT_CONSECUTIVE_HOURS"
"Keep my Wednesday Math seminars running consecutively from 9:00 to 12:00.","SOFT_CONSECUTIVE_HOURS"
"I need my Thursday Literature lectures scheduled in one continuous block.","SOFT_CONSECUTIVE_HOURS"
"Ensure my Friday Computer Science classes are back-to-back.","SOFT_CONSECUTIVE_HOURS"
"Arrange my Monday labs so there are no idle gaps.","SOFT_CONSECUTIVE_HOURS"
"Let my Tuesday Sociology sessions be scheduled without breaks.","SOFT_CONSECUTIVE_HOURS"
"My Wednesday Chemistry lectures should run continuously.","SOFT_CONSECUTIVE_HOURS"
"Ensure my Thursday History labs are arranged consecutively.","SOFT_CONSECUTIVE_HOURS"
"Make my Friday Economics classes back-to-back from 10:00 to 14:00.","SOFT_CONSECUTIVE_HOURS"
"I want my Monday Programming labs scheduled in a single block.","SOFT_CONSECUTIVE_HOURS"
"Keep my Tuesday Biology classes consecutive, starting at 8:00.","SOFT_CONSECUTIVE_HOURS"
"Set my Wednesday Math labs to run back-to-back from 9:00 to 11:00.","SOFT_CONSECUTIVE_HOURS"
"Ensure my Thursday Literature sessions are continuous with no breaks.","SOFT_CONSECUTIVE_HOURS"
"My Friday Sociology seminars should follow each other without gaps.","SOFT_CONSECUTIVE_HOURS"
"Let my Monday History classes run back-to-back in the afternoon.","SOFT_CONSECUTIVE_HOURS"
"Schedule my Tuesday Physics labs in one uninterrupted block.","SOFT_CONSECUTIVE_HOURS"
"Arrange my Wednesday schedule to ensure all lectures are consecutive.","SOFT_CONSECUTIVE_HOURS"
"Keep my Thursday Chemistry sessions back-to-back from 10:00 to 13:00.","SOFT_CONSECUTIVE_HOURS"
"Ensure my Friday Math classes are arranged consecutively.","SOFT_CONSECUTIVE_HOURS"
"I want to have all my hours consecutive on Monday","SOFT_CONSECUTIVE_HOURS"

"I'm available on Monday from 9:00 to 11:00 for my Math lecture.","SOFT_INTERVAL_AVAILABILITY"
"I can teach on Tuesday between 13:00 and 15:00 for the Physics seminary.","SOFT_INTERVAL_AVAILABILITY"
"I'm free on Wednesday from 10:00 to 12:00, let me know if you need me.","SOFT_INTERVAL_AVAILABILITY"
"I am open for classes on Thursday mornings from 8:00 to 10:00.","SOFT_INTERVAL_AVAILABILITY"
"You can schedule me on Friday from 14:00 to 16:00 for the Biology lab.","SOFT_INTERVAL_AVAILABILITY"
"I'm accessible on Monday afternoons between 15:00 and 17:00.","SOFT_INTERVAL_AVAILABILITY"
"On Tuesday, I am available from 12:00 to 14:00 for any sessions.","SOFT_INTERVAL_AVAILABILITY"
"Feel free to book me on Wednesday from 9:00 to 11:00 for Chemistry.","SOFT_INTERVAL_AVAILABILITY"
"I can take classes on Thursday from 10:00 to 12:00.","SOFT_INTERVAL_AVAILABILITY"
"I am free on Friday mornings from 8:00 to 10:00.","SOFT_INTERVAL_AVAILABILITY"
"Schedule me anywhere on Monday between 9:00 and 11:00.","SOFT_INTERVAL_AVAILABILITY"
"I can teach on Tuesday afternoons from 14:00 to 16:00.","SOFT_INTERVAL_AVAILABILITY"
"Let me know if there's availability on Wednesday from 10:00 to 12:00.","SOFT_INTERVAL_AVAILABILITY"
"I am open for Thursday lectures between 8:00 and 10:00.","SOFT_INTERVAL_AVAILABILITY"
"Feel free to assign me on Friday from 15:00 to 17:00.","SOFT_INTERVAL_AVAILABILITY"
"I prefer to work on Monday mornings between 9:00 and 11:00.","SOFT_INTERVAL_AVAILABILITY"
"On Tuesday, I can take sessions from 10:00 to 12:00.","SOFT_INTERVAL_AVAILABILITY"
"I'm free to teach on Wednesday from 13:00 to 15:00.","SOFT_INTERVAL_AVAILABILITY"
"Slot me in on Thursday mornings from 9:00 to 11:00, if possible.","SOFT_INTERVAL_AVAILABILITY"
"Friday sessions between 8:00 and 10:00 work well for me.","SOFT_INTERVAL_AVAILABILITY"
"I'm available on Monday from 10:00 to 12:00.","SOFT_INTERVAL_AVAILABILITY"
"On Tuesday, I can work from 13:00 to 15:00 for English.","SOFT_INTERVAL_AVAILABILITY"
"I am open to being scheduled on Wednesday from 14:00 to 16:00.","SOFT_INTERVAL_AVAILABILITY"
"I prefer Thursday labs to be scheduled from 9:00 to 11:00.","SOFT_INTERVAL_AVAILABILITY"
"Feel free to book me on Friday from 10:00 to 12:00.","SOFT_INTERVAL_AVAILABILITY"
"I am available Monday between 15:00 and 17:00 for my History class.","SOFT_INTERVAL_AVAILABILITY"
"You can assign me on Tuesday mornings from 9:00 to 11:00.","SOFT_INTERVAL_AVAILABILITY"
"I can teach on Wednesday from 8:00 to 10:00 for Sociology.","SOFT_INTERVAL_AVAILABILITY"
"Thursday mornings from 10:00 to 12:00 are open for me.","SOFT_INTERVAL_AVAILABILITY"
"On Friday, I can be scheduled from 13:00 to 15:00.","SOFT_INTERVAL_AVAILABILITY"
"I'm open to teaching Monday from 9:00 to 11:00.","SOFT_INTERVAL_AVAILABILITY"
"I can work on Tuesday from 8:00 to 10:00 for Computer Science.","SOFT_INTERVAL_AVAILABILITY"
"Wednesday sessions between 10:00 and 12:00 are fine for me.","SOFT_INTERVAL_AVAILABILITY"
"Thursday afternoons from 14:00 to 16:00 work well.","SOFT_INTERVAL_AVAILABILITY"
"I'm available on Friday from 8:00 to 10:00 for the Math lab.","SOFT_INTERVAL_AVAILABILITY"
"I prefer Monday sessions from 10:00 to 12:00 to be assigned.","SOFT_INTERVAL_AVAILABILITY"
"On Tuesday, I'm open from 15:00 to 17:00 for Chemistry.","SOFT_INTERVAL_AVAILABILITY"
"I can teach on Wednesday mornings between 9:00 and 11:00.","SOFT_INTERVAL_AVAILABILITY"
"Thursday from 10:00 to 12:00 is perfect for my History seminar.","SOFT_INTERVAL_AVAILABILITY"
"I am free Friday from 14:00 to 16:00, feel free to book.","SOFT_INTERVAL_AVAILABILITY"
"I'm available Monday from 9:00 to 11:00.","SOFT_INTERVAL_AVAILABILITY"
"On Tuesday, slot me in between 8:00 and 10:00 for Math.","SOFT_INTERVAL_AVAILABILITY"
"Wednesday lectures from 13:00 to 15:00 work well for me.","SOFT_INTERVAL_AVAILABILITY"
"Thursday from 9:00 to 11:00 is when I am available.","SOFT_INTERVAL_AVAILABILITY"
"Friday mornings from 8:00 to 10:00 work for scheduling.","SOFT_INTERVAL_AVAILABILITY"
"I'm free to teach Monday from 10:00 to 12:00.","SOFT_INTERVAL_AVAILABILITY"
"Assign me to Tuesday sessions between 15:00 and 17:00.","SOFT_INTERVAL_AVAILABILITY"
"I am free Wednesday from 14:00 to 16:00 for English.","SOFT_INTERVAL_AVAILABILITY"
"Thursday mornings from 8:00 to 10:00 are fine.","SOFT_INTERVAL_AVAILABILITY"
"I am available Friday between 13:00 and 15:00 for Sociology.","SOFT_INTERVAL_AVAILABILITY"

"I'm not available on Monday between 9:00 and 11:00 for the Physics lecture.","SOFT_INTERVAL_UNAVAILABILITY"
"Please don't schedule me on Tuesday from 14:00 to 16:00 for any classes.","SOFT_INTERVAL_UNAVAILABILITY"
"I can't teach on Wednesday from 10:00 to 12:00, no matter the course.","SOFT_INTERVAL_UNAVAILABILITY"
"I'm unavailable on Thursday from 8:00 to 10:00 for the Biology lab.","SOFT_INTERVAL_UNAVAILABILITY"
"Please avoid scheduling me on Friday between 15:00 and 17:00.","SOFT_INTERVAL_UNAVAILABILITY"
"I am not free on Monday afternoons from 13:00 to 15:00.","SOFT_INTERVAL_UNAVAILABILITY"
"Do not assign me classes on Tuesday from 10:00 to 12:00.","SOFT_INTERVAL_UNAVAILABILITY"
"I cannot work on Wednesday mornings between 9:00 and 11:00.","SOFT_INTERVAL_UNAVAILABILITY"
"I am unavailable Thursday from 14:00 to 16:00.","SOFT_INTERVAL_UNAVAILABILITY"
"Please skip Friday 10:00 to 12:00 for my schedule.","SOFT_INTERVAL_UNAVAILABILITY"
"I can't take any sessions on Monday from 15:00 to 17:00.","SOFT_INTERVAL_UNAVAILABILITY"
"Tuesday lectures between 8:00 and 10:00 won't work for me.","SOFT_INTERVAL_UNAVAILABILITY"
"I'm not available Wednesday from 11:00 to 13:00 for any events.","SOFT_INTERVAL_UNAVAILABILITY"
"Please ensure no classes are assigned to me on Thursday from 9:00 to 11:00.","SOFT_INTERVAL_UNAVAILABILITY"
"I cannot attend sessions on Friday between 13:00 and 15:00.","SOFT_INTERVAL_UNAVAILABILITY"
"I'm not free Monday mornings from 10:00 to 12:00.","SOFT_INTERVAL_UNAVAILABILITY"
"Please avoid assigning me classes on Tuesday from 15:00 to 17:00.","SOFT_INTERVAL_UNAVAILABILITY"
"I cannot work on Wednesday afternoons from 14:00 to 16:00.","SOFT_INTERVAL_UNAVAILABILITY"
"I'm not free Thursday mornings from 10:00 to 12:00.","SOFT_INTERVAL_UNAVAILABILITY"
"Friday from 8:00 to 10:00 is not available for me.","SOFT_INTERVAL_UNAVAILABILITY"
"I can't attend any Monday sessions between 9:00 and 11:00.","SOFT_INTERVAL_UNAVAILABILITY"
"I'm unavailable on Tuesday between 13:00 and 15:00.","SOFT_INTERVAL_UNAVAILABILITY"
"Please leave Wednesday 10:00 to 12:00 free from classes.","SOFT_INTERVAL_UNAVAILABILITY"
"I'm not available on Thursday from 8:00 to 10:00.","SOFT_INTERVAL_UNAVAILABILITY"
"I cannot work Friday from 15:00 to 17:00 for Chemistry labs.","SOFT_INTERVAL_UNAVAILABILITY"
"Please don't assign me any Monday lectures between 14:00 and 16:00.","SOFT_INTERVAL_UNAVAILABILITY"
"I'm not free for classes on Tuesday from 9:00 to 11:00.","SOFT_INTERVAL_UNAVAILABILITY"
"Wednesday afternoons between 12:00 and 14:00 are not possible for me.","SOFT_INTERVAL_UNAVAILABILITY"
"I'm not available Thursday from 11:00 to 13:00.","SOFT_INTERVAL_UNAVAILABILITY"
"Please don't schedule me Friday from 14:00 to 16:00 for any lectures.","SOFT_INTERVAL_UNAVAILABILITY"
"I'm unavailable Monday between 13:00 and 15:00.","SOFT_INTERVAL_UNAVAILABILITY"
"Tuesday mornings between 10:00 and 12:00 don't work for me.","SOFT_INTERVAL_UNAVAILABILITY"
"I can't work on Wednesday from 15:00 to 17:00.","SOFT_INTERVAL_UNAVAILABILITY"
"Thursday 9:00 to 11:00 is not suitable for my schedule.","SOFT_INTERVAL_UNAVAILABILITY"
"Friday from 8:00 to 10:00 is not available for lectures.","SOFT_INTERVAL_UNAVAILABILITY"
"Please don't assign me Monday from 9:00 to 11:00 for Sociology.","SOFT_INTERVAL_UNAVAILABILITY"
"I'm unavailable Tuesday between 14:00 and 16:00.","SOFT_INTERVAL_UNAVAILABILITY"
"Wednesday mornings between 10:00 and 12:00 are unavailable for me.","SOFT_INTERVAL_UNAVAILABILITY"
"I cannot work on Thursday from 13:00 to 15:00.","SOFT_INTERVAL_UNAVAILABILITY"
"Friday from 11:00 to 13:00 is not an option for me.","SOFT_INTERVAL_UNAVAILABILITY"
"I'm not free Monday between 8:00 and 10:00 for classes.","SOFT_INTERVAL_UNAVAILABILITY"
"Tuesday afternoons between 12:00 and 14:00 won't work.","SOFT_INTERVAL_UNAVAILABILITY"
"I am unavailable on Wednesday between 13:00 and 15:00.","SOFT_INTERVAL_UNAVAILABILITY"
"Thursday mornings between 10:00 and 12:00 are not suitable.","SOFT_INTERVAL_UNAVAILABILITY"
"Friday from 14:00 to 16:00 doesn't work for me.","SOFT_INTERVAL_UNAVAILABILITY"
"I'm not available on Monday from 10:00 to 12:00.","SOFT_INTERVAL_UNAVAILABILITY"
"Tuesday mornings between 8:00 and 10:00 are not available.","SOFT_INTERVAL_UNAVAILABILITY"
"I'm unavailable Wednesday afternoons between 14:00 and 16:00.","SOFT_INTERVAL_UNAVAILABILITY"
"Please ensure I'm not scheduled on Thursday from 9:00 to 11:00.","SOFT_INTERVAL_UNAVAILABILITY"
"Friday 10:00 to 12:00 is unavailable for my sessions.","SOFT_INTERVAL_UNAVAILABILITY"

"Ensure the Physics lecture happens before the lab for Group 3A2.","SOFT_LECTURE_BEFORE_LABS"
"The Chemistry lecture should always be scheduled before the lab on Tuesday.","SOFT_LECTURE_BEFORE_LABS"
"I need the Software Engineering lecture to precede the lab for Group 3E1.","SOFT_LECTURE_BEFORE_LABS"
"Can we make sure the Math lecture takes place before the lab?","SOFT_LECTURE_BEFORE_LABS"
"The English lecture must happen before the lab on Wednesday afternoons.","SOFT_LECTURE_BEFORE_LABS"
"Please ensure that my Biology lecture is scheduled before its corresponding lab.","SOFT_LECTURE_BEFORE_LABS"
"I would like the Statistics lecture to precede the lab session on Monday mornings.","SOFT_LECTURE_BEFORE_LABS"
"Make sure the Robotics lecture is held before the lab for Group 1B3.","SOFT_LECTURE_BEFORE_LABS"
"The Programming lecture should come before the lab for all students.","SOFT_LECTURE_BEFORE_LABS"
"Arrange the Calculus lecture ahead of the lab on Fridays.","SOFT_LECTURE_BEFORE_LABS"
"I need the lecture for Advanced Physics to be scheduled before the laboratory session.","SOFT_LECTURE_BEFORE_LABS"
"Ensure that the lecture for Group 3A2 happens before the lab.","SOFT_LECTURE_BEFORE_LABS"
"Please arrange for the Biology lecture to precede the practical session.","SOFT_LECTURE_BEFORE_LABS"
"The Math lecture must be scheduled before the lab every week.","SOFT_LECTURE_BEFORE_LABS"
"Let's ensure the Computer Science lecture is held before the lab on Tuesday.","SOFT_LECTURE_BEFORE_LABS"
"Make sure the Physics lecture is before the lab for Group 3E1.","SOFT_LECTURE_BEFORE_LABS"
"Let the Statistics lecture take place before the lab for Group 1B3.","SOFT_LECTURE_BEFORE_LABS"
"The lecture for Robotics should always be conducted before the lab.","SOFT_LECTURE_BEFORE_LABS"
"Please make sure my Chemistry lecture happens before the laboratory session.","SOFT_LECTURE_BEFORE_LABS"
"I prefer the Advanced Programming lecture to come before the lab.","SOFT_LECTURE_BEFORE_LABS"
"Ensure the Data Science lecture is placed before the lab on Wednesdays.","SOFT_LECTURE_BEFORE_LABS"
"The seminar should take place before the lab for Group 3A2.","SOFT_LECTURE_BEFORE_LABS"
"Let's schedule the Machine Learning lecture before its lab for Group 3E1.","SOFT_LECTURE_BEFORE_LABS"
"Arrange the Statistics lecture ahead of the lab session on Thursday mornings.","SOFT_LECTURE_BEFORE_LABS"
"The Physics lecture for Group 1B3 must precede the laboratory class.","SOFT_LECTURE_BEFORE_LABS"
"Make sure the lecture comes before the lab for Robotics on Fridays.","SOFT_LECTURE_BEFORE_LABS"
"The Software Engineering lecture must always be before the lab.","SOFT_LECTURE_BEFORE_LABS"
"The Programming lecture should precede the lab every week.","SOFT_LECTURE_BEFORE_LABS"
"Schedule the English lecture ahead of the lab on Monday mornings.","SOFT_LECTURE_BEFORE_LABS"
"The Data Science lecture must take place before the lab on Tuesday afternoons.","SOFT_LECTURE_BEFORE_LABS"
"I need the lecture for Biology to be before the lab on Thursday.","SOFT_LECTURE_BEFORE_LABS"
"Let's ensure the Advanced Physics lecture is scheduled before the lab for Group 3A2.","SOFT_LECTURE_BEFORE_LABS"
"The Computer Science lecture should precede the lab for all groups.","SOFT_LECTURE_BEFORE_LABS"
"Ensure the Robotics lecture is ahead of the lab on Monday mornings.","SOFT_LECTURE_BEFORE_LABS"
"The Programming lecture must happen before the lab for Group 3E1.","SOFT_LECTURE_BEFORE_LABS"
"Make sure my Statistics lecture is before the lab for Group 1B3.","SOFT_LECTURE_BEFORE_LABS"
"Let the Chemistry lecture take place ahead of the lab on Wednesday mornings.","SOFT_LECTURE_BEFORE_LABS"
"The Advanced Programming lecture should always precede the lab.","SOFT_LECTURE_BEFORE_LABS"
"The lecture for Math must happen before the lab session every week.","SOFT_LECTURE_BEFORE_LABS"
"Arrange the lecture for Robotics before the lab on Fridays.","SOFT_LECTURE_BEFORE_LABS"
"Ensure the Data Science lecture takes place ahead of the lab for all students.","SOFT_LECTURE_BEFORE_LABS"
"The Machine Learning lecture should precede the lab for Group 3A2.","SOFT_LECTURE_BEFORE_LABS"
"Schedule the Statistics lecture before the lab for Group 3E1.","SOFT_LECTURE_BEFORE_LABS"
"The lecture for Physics must happen ahead of the lab on Monday mornings.","SOFT_LECTURE_BEFORE_LABS"
"I prefer the Biology lecture to be scheduled before the lab for Group 1B3.","SOFT_LECTURE_BEFORE_LABS"
"Ensure that the Robotics lecture is conducted ahead of the lab every week.","SOFT_LECTURE_BEFORE_LABS"
"The Chemistry lecture must always precede the lab session for Group 3E1.","SOFT_LECTURE_BEFORE_LABS"
"Let's schedule the Programming lecture before the lab on Thursdays.","SOFT_LECTURE_BEFORE_LABS"
"Make sure the lecture for Data Science is before the lab for Group 3A2.","SOFT_LECTURE_BEFORE_LABS"
